{"cameraMode":{"drawMode":0,"name":"Shaded","section":"Shading Mode"},"sceneLighting":true,"audioPlay":false,"sceneViewState":{"m_AlwaysRefresh":false,"showFog":true,"showSkybox":true,"showFlares":true,"showImageEffects":true,"showParticleSystems":true,"showVisualEffectGraphs":true,"m_FxEnabled":true},"in2DMode":false,"pivot":{"x":1.9181897640228272,"y":2.5028321743011476,"z":-9.131414413452149},"rotation":{"x":-0.26268869638442995,"y":-0.003767062909901142,"z":0.0010238499380648137,"w":-0.9648706912994385},"size":3.363499879837036,"orthographic":false}